,test_MeanSquaredError,test_MeanAbsoluteError,test_MeanAbsolutePercentageError,fit_time,pred_time,len_train_window,cutoff,model
1,0.415476606975881,0.32365279092710003,0.12182600133295475,0.33934799999997267,0.029449099999965256,49,2019-01,arima
1,0.4410725760031825,0.3401737499999999,0.127363533673727,0.0022103999999671,0.1021209000000453,49,2019-01,baseline_naive_last
2,0.45507971055256385,0.3684404449645624,0.14290601068658368,0.32329459999982646,0.016516600000159087,61,2020-01,arima
2,0.4797952307517065,0.3742704166666666,0.1439734637268976,0.0030707000000802,0.0269117000000278,61,2020-01,baseline_naive_last
0,0.5736529021469922,0.5073291666666665,0.2011053998455967,0.0029700999998567,0.0346978000000035,37,2018-01,baseline_naive_last
0,1.1746551315672673,0.9584204569713027,0.3973852057885123,0.3048258999997415,0.029142599999886443,37,2018-01,arima
